/*!40101 SET @OLD_CHARACTER_SET_CLIENT=@@CHARACTER_SET_CLIENT */;
/*!40101 SET @OLD_CHARACTER_SET_RESULTS=@@CHARACTER_SET_RESULTS */;
/*!40101 SET @OLD_COLLATION_CONNECTION=@@COLLATION_CONNECTION */;
/*!40101 SET NAMES utf8mb4 */;
/*!40014 SET @OLD_UNIQUE_CHECKS=@@UNIQUE_CHECKS, UNIQUE_CHECKS=0 */;
/*!40014 SET @OLD_FOREIGN_KEY_CHECKS=@@FOREIGN_KEY_CHECKS, FOREIGN_KEY_CHECKS=0 */;
/*!40101 SET @OLD_SQL_MODE=@@SQL_MODE, SQL_MODE='NO_AUTO_VALUE_ON_ZERO' */;
/*!40111 SET @OLD_SQL_NOTES=@@SQL_NOTES, SQL_NOTES=0 */;

CREATE TABLE `binh_luan` (
  `binh_luan_id` int NOT NULL AUTO_INCREMENT,
  `nguoi_dung_id` int DEFAULT NULL,
  `hinh_id` int DEFAULT NULL,
  `ngay_binh_luan` date DEFAULT NULL,
  `noi_dung` varchar(255) DEFAULT NULL,
  PRIMARY KEY (`binh_luan_id`),
  KEY `nguoi_dung_id` (`nguoi_dung_id`),
  KEY `hinh_id` (`hinh_id`),
  CONSTRAINT `binh_luan_ibfk_1` FOREIGN KEY (`nguoi_dung_id`) REFERENCES `nguoi_dung` (`nguoi_dung_id`),
  CONSTRAINT `binh_luan_ibfk_2` FOREIGN KEY (`hinh_id`) REFERENCES `hinh_anh` (`hinh_id`)
) ENGINE=InnoDB AUTO_INCREMENT=4 DEFAULT CHARSET=utf8mb4 COLLATE=utf8mb4_0900_ai_ci;

CREATE TABLE `hinh_anh` (
  `hinh_id` int NOT NULL AUTO_INCREMENT,
  `ten_hinh` varchar(255) DEFAULT NULL,
  `duong_dan` varchar(255) DEFAULT NULL,
  `mo_ta` varchar(255) DEFAULT NULL,
  `nguoi_dung_id` int DEFAULT NULL,
  PRIMARY KEY (`hinh_id`),
  KEY `nguoi_dung_id` (`nguoi_dung_id`),
  CONSTRAINT `hinh_anh_ibfk_1` FOREIGN KEY (`nguoi_dung_id`) REFERENCES `nguoi_dung` (`nguoi_dung_id`)
) ENGINE=InnoDB AUTO_INCREMENT=8 DEFAULT CHARSET=utf8mb4 COLLATE=utf8mb4_0900_ai_ci;

CREATE TABLE `luu_anh` (
  `nguoi_dung_id` int NOT NULL,
  `hinh_id` int NOT NULL,
  `ngay_luu` date DEFAULT NULL,
  PRIMARY KEY (`hinh_id`,`nguoi_dung_id`),
  KEY `nguoi_dung_id` (`nguoi_dung_id`),
  CONSTRAINT `luu_anh_ibfk_1` FOREIGN KEY (`nguoi_dung_id`) REFERENCES `nguoi_dung` (`nguoi_dung_id`),
  CONSTRAINT `luu_anh_ibfk_2` FOREIGN KEY (`hinh_id`) REFERENCES `hinh_anh` (`hinh_id`)
) ENGINE=InnoDB DEFAULT CHARSET=utf8mb4 COLLATE=utf8mb4_0900_ai_ci;

CREATE TABLE `nguoi_dung` (
  `nguoi_dung_id` int NOT NULL AUTO_INCREMENT,
  `email` varchar(255) DEFAULT NULL,
  `mat_khau` varchar(255) DEFAULT NULL,
  `ho_ten` varchar(255) DEFAULT NULL,
  `tuoi` int DEFAULT NULL,
  `anh_dai_dien` varchar(255) DEFAULT NULL,
  PRIMARY KEY (`nguoi_dung_id`)
) ENGINE=InnoDB AUTO_INCREMENT=3 DEFAULT CHARSET=utf8mb4 COLLATE=utf8mb4_0900_ai_ci;

INSERT INTO `binh_luan` (`binh_luan_id`, `nguoi_dung_id`, `hinh_id`, `ngay_binh_luan`, `noi_dung`) VALUES
(1, 1, 1, '2024-08-14', 'Dễ thương quá');
INSERT INTO `binh_luan` (`binh_luan_id`, `nguoi_dung_id`, `hinh_id`, `ngay_binh_luan`, `noi_dung`) VALUES
(2, 2, 1, '2024-08-14', 'Đẹp quá trời uiii');
INSERT INTO `binh_luan` (`binh_luan_id`, `nguoi_dung_id`, `hinh_id`, `ngay_binh_luan`, `noi_dung`) VALUES
(3, 1, 1, '2024-08-14', 'Ảnh đẹp ghiaaa');

INSERT INTO `hinh_anh` (`hinh_id`, `ten_hinh`, `duong_dan`, `mo_ta`, `nguoi_dung_id`) VALUES
(1, 'spy x family', 'https://static.ybox.vn/2022/7/4/1658994867129-Spy.x.Family.full.3493446.jpg', 'manga', 1);
INSERT INTO `hinh_anh` (`hinh_id`, `ten_hinh`, `duong_dan`, `mo_ta`, `nguoi_dung_id`) VALUES
(2, 'Iron Man', 'https://play-lh.googleusercontent.com/Wc5CcOTIcZzRHV5HGqzoMfAFT2uSwclcCkEJC4reD62dHYhEi0T1rKAPkjpr0HLh0_4pOiT_0l9BLOoKS9A=w240-h480-rw', 'marvel', 1);
INSERT INTO `hinh_anh` (`hinh_id`, `ten_hinh`, `duong_dan`, `mo_ta`, `nguoi_dung_id`) VALUES
(3, 'onepiece', 'https://i.pinimg.com/564x/73/96/67/73966775a810216fa15c64000a98498f.jpg', 'Onepiece', 2);
INSERT INTO `hinh_anh` (`hinh_id`, `ten_hinh`, `duong_dan`, `mo_ta`, `nguoi_dung_id`) VALUES
(4, 'deadpool img', '1724169601961_deadpool.jpg', 'hình ảnh marvel deadpool', 2),
(5, 'dragonball ', '1724170479929_goku.jpg', 'hình ảnh anime songoku', 2),
(6, 'naruto', '1724213608641_naruto.jpg', 'hình ảnh anime naruto', 1),
(7, 'meme', '1724213785466_npc_meme.png', 'hình ảnh meme npc', 1);

INSERT INTO `luu_anh` (`nguoi_dung_id`, `hinh_id`, `ngay_luu`) VALUES
(1, 1, '2024-08-12');
INSERT INTO `luu_anh` (`nguoi_dung_id`, `hinh_id`, `ngay_luu`) VALUES
(1, 2, '2024-08-13');


INSERT INTO `nguoi_dung` (`nguoi_dung_id`, `email`, `mat_khau`, `ho_ten`, `tuoi`, `anh_dai_dien`) VALUES
(1, 'hieu123@gmail.com', '$2b$10$/qpYkbmy50nEsvqsR8mPf./9KfDamJfFQ8/2McMmyKjfYgYSeclXW', 'Trần Trọng Hiếu', 22, '');
INSERT INTO `nguoi_dung` (`nguoi_dung_id`, `email`, `mat_khau`, `ho_ten`, `tuoi`, `anh_dai_dien`) VALUES
(2, 'long5921@gmail.com', '$2b$10$21.NVdLxoqQB6Y0tzJ0bseQR9jMYkjQ22UiTi/xEMXBUtOzPV.xfO', 'Phạm Hoàng Long', 19, '');



/*!40101 SET SQL_MODE=@OLD_SQL_MODE */;
/*!40014 SET FOREIGN_KEY_CHECKS=@OLD_FOREIGN_KEY_CHECKS */;
/*!40014 SET UNIQUE_CHECKS=@OLD_UNIQUE_CHECKS */;
/*!40101 SET CHARACTER_SET_CLIENT=@OLD_CHARACTER_SET_CLIENT */;
/*!40101 SET CHARACTER_SET_RESULTS=@OLD_CHARACTER_SET_RESULTS */;
/*!40101 SET COLLATION_CONNECTION=@OLD_COLLATION_CONNECTION */;
/*!40111 SET SQL_NOTES=@OLD_SQL_NOTES */;